[{"model": "contenttypes.contenttype", "fields": {"app_label": "admin", "model": "logentry"}}, {"model": "contenttypes.contenttype", "fields": {"app_label": "auth", "model": "permission"}}, {"model": "contenttypes.contenttype", "fields": {"app_label": "auth", "model": "group"}}, {"model": "contenttypes.contenttype", "fields": {"app_label": "contenttypes", "model": "contenttype"}}, {"model": "contenttypes.contenttype", "fields": {"app_label": "sessions", "model": "session"}}, {"model": "contenttypes.contenttype", "fields": {"app_label": "userauths", "model": "user"}}, {"model": "contenttypes.contenttype", "fields": {"app_label": "ecommerce", "model": "blog"}}, {"model": "contenttypes.contenttype", "fields": {"app_label": "ecommerce", "model": "category"}}, {"model": "contenttypes.contenttype", "fields": {"app_label": "ecommerce", "model": "color"}}, {"model": "contenttypes.contenttype", "fields": {"app_label": "ecommerce", "model": "size"}}, {"model": "contenttypes.contenttype", "fields": {"app_label": "ecommerce", "model": "tag"}}, {"model": "contenttypes.contenttype", "fields": {"app_label": "ecommerce", "model": "teammember"}}, {"model": "contenttypes.contenttype", "fields": {"app_label": "ecommerce", "model": "product"}}, {"model": "contenttypes.contenttype", "fields": {"app_label": "ecommerce", "model": "wishlist"}}, {"model": "contenttypes.contenttype", "fields": {"app_label": "cart", "model": "cart"}}, {"model": "contenttypes.contenttype", "fields": {"app_label": "cart", "model": "cartitem"}}, {"model": "contenttypes.contenttype", "fields": {"app_label": "orders", "model": "order"}}, {"model": "contenttypes.contenttype", "fields": {"app_label": "orders", "model": "orderitem"}}, {"model": "contenttypes.contenttype", "fields": {"app_label": "ecommerce", "model": "review"}}, {"model": "sessions.session", "pk": "a07stgmh2aeuu1lnk5qsk4uiqj3xdx46", "fields": {"session_data": ".eJxVjDsOwjAQBe_iGlneGP8o6XMGa-1d4wBypDipEHeHSCmgfTPzXiLitta4dV7iROIiQJx-t4T5wW0HdMd2m2We27pMSe6KPGiX40z8vB7u30HFXr-10UaTHyAxlKzZBR28R2MGRMPAYAsVVZS3iIo5uAzKpLMjyoGcAiveH-E3OAM:1tjz7E:v-IOjPPk8NHOmpxmXux7zrqBDUAMkcKpbf30pzVyjPI", "expire_date": "2025-03-03T11:16:44.300Z"}}, {"model": "sessions.session", "pk": "unw6lrenshu1mrq4zd1sy2tsp6ztu02k", "fields": {"session_data": ".eJxVjDkOwjAUBe_iGlneYhxKes5g_S04gBwpTirE3ZGlFNC-mXlvlWHfSt6brHlmdVFenX43BHpK7YAfUO-LpqVu64y6K_qgTd8Wltf1cP8OCrTSawRBGyKPcXRIRnxEOUMESZMwmOQ5OIouEVMwJBF5mNByomCHZLz6fAEelTkY:1tjoGN:r76BMTWvsPBpD5JksaEIJcy-JvVMgGfCHLC-vQ307OI", "expire_date": "2025-03-02T23:41:27.986Z"}}, {"model": "sessions.session", "pk": "zitru6l6i8pyomd1jqxlng5l0ws7lib9", "fields": {"session_data": ".eJxVjDsOwjAQBe_iGlneGP8o6XMGa-1d4wBypDipEHeHSCmgfTPzXiLitta4dV7iROIiQJx-t4T5wW0HdMd2m2We27pMSe6KPGiX40z8vB7u30HFXr-10UaTHyAxlKzZBR28R2MGRMPAYAsVVZS3iIo5uAzKpLMjyoGcAiveH-E3OAM:1tixlQ:GZyqvLQ9fo6w3jEXeMsgfE1-4mQoCop451is8yCMoBg", "expire_date": "2025-02-28T15:38:00.809Z"}}, {"model": "ecommerce.category", "pk": 1, "fields": {"name": "Tops", "slug": "Tops", "image": "", "description": "", "icon_class": "mdi-tshirt-crew"}}, {"model": "ecommerce.color", "pk": 1, "fields": {"name": "White", "hex_code": "#FFFFFF"}}, {"model": "ecommerce.color", "pk": 2, "fields": {"name": "Black", "hex_code": "#000000"}}, {"model": "ecommerce.color", "pk": 3, "fields": {"name": "Gray", "hex_code": "#808080"}}, {"model": "ecommerce.color", "pk": 4, "fields": {"name": "Dark Brown", "hex_code": "#654321"}}, {"model": "ecommerce.color", "pk": 5, "fields": {"name": "Light Brown", "hex_code": "#A0522D"}}, {"model": "ecommerce.color", "pk": 6, "fields": {"name": "Green", "hex_code": "#008000"}}, {"model": "ecommerce.color", "pk": 7, "fields": {"name": "Blue", "hex_code": "#0000FF"}}, {"model": "ecommerce.color", "pk": 8, "fields": {"name": "Red", "hex_code": "#FF0000"}}, {"model": "ecommerce.color", "pk": 9, "fields": {"name": "Off-White/Cream", "hex_code": "#F5F5DC"}}, {"model": "ecommerce.color", "pk": 10, "fields": {"name": "Khaki", "hex_code": "#F0E68C"}}, {"model": "ecommerce.color", "pk": 11, "fields": {"name": "Sapphire Blue", "hex_code": "#0F52BA"}}, {"model": "ecommerce.color", "pk": 12, "fields": {"name": "Amethyst Purple", "hex_code": "#9966CC"}}, {"model": "ecommerce.color", "pk": 13, "fields": {"name": "Lilac", "hex_code": "#C79FEF"}}, {"model": "ecommerce.product", "pk": 1, "fields": {"name": "Hat", "price": "500.00", "slug": "s", "old_price": "600.00", "category": null, "stock": 3, "image": "products/Hat_dSsonQE.jpg", "product_cart": true, "description": "An amazing black hat", "more_info": "", "composition": null, "style": null, "properties": null, "colors": [], "sizes": []}}, {"model": "ecommerce.product", "pk": 2, "fields": {"name": "Bag", "price": "450.00", "slug": "bag", "old_price": "490.00", "category": null, "stock": 5, "image": "products/Bag_YMUVc1q.jpg", "product_cart": false, "description": "", "more_info": "", "composition": null, "style": null, "properties": null, "colors": [], "sizes": []}}, {"model": "ecommerce.product", "pk": 3, "fields": {"name": "Timberland", "price": "600.00", "slug": "white-shirt", "old_price": "750.00", "category": null, "stock": 8, "image": "products/Timberland_dHxaOXi.jpg", "product_cart": false, "description": "", "more_info": "", "composition": null, "style": null, "properties": null, "colors": [], "sizes": []}}, {"model": "ecommerce.product", "pk": 4, "fields": {"name": "Black belt", "price": "300.00", "slug": "belt", "old_price": "250.00", "category": null, "stock": 5, "image": "products/Belt_uJ9mP08.jpg", "product_cart": false, "description": "", "more_info": "", "composition": null, "style": null, "properties": null, "colors": [], "sizes": []}}, {"model": "ecommerce.blog", "pk": 1, "fields": {"title": "White Round-neck", "description": "Amazing black round-neck design", "image": "blog_images/12-_CJuwdbd.jpg", "publish_date": "2025-02-14"}}, {"model": "ecommerce.blog", "pk": 2, "fields": {"title": "Cap", "description": "Beautiful black cap", "image": "blog_images/Cap.jpg", "publish_date": "2025-02-14"}}, {"model": "ecommerce.blog", "pk": 3, "fields": {"title": "Glasses", "description": "New Pink Glasses", "image": "blog_images/Glasses.jpg", "publish_date": "2025-02-14"}}, {"model": "ecommerce.blog", "pk": 4, "fields": {"title": "Socks", "description": "New Brown Socks", "image": "blog_images/Socks.jpg", "publish_date": "2025-02-14"}}, {"model": "ecommerce.teammember", "pk": 1, "fields": {"name": "Lumie", "role": "IT Manager", "image": "team_images/WhatsApp_Image_2025-01-29_at_19.19.45_74a49d3a_X38MGzM.jpg", "bio": "IT manager of this prestigeous luxury fashion brand...", "facebook": null, "twitter": null, "google_plus": null, "linkedin": null}}, {"model": "ecommerce.teammember", "pk": 2, "fields": {"name": "Fisayo", "role": "Creative Director", "image": "team_images/CEO_iE8AcRG.jpg", "bio": "Creative director of this prestigious luxury fashion brand....", "facebook": null, "twitter": null, "google_plus": null, "linkedin": null}}, {"model": "ecommerce.teammember", "pk": 3, "fields": {"name": "Dami", "role": "Creative Manager", "image": "team_images/CEO022_o9cQzzW.jpg", "bio": "Creative Manager of CedarMen brand....", "facebook": null, "twitter": null, "google_plus": null, "linkedin": null}}, {"model": "cart.cartitem", "pk": 1, "fields": {"cart": 6, "product": 4, "quantity": 4, "color": null, "size": null}}, {"model": "cart.cartitem", "pk": 2, "fields": {"cart": 9, "product": 2, "quantity": 2, "color": null, "size": null}}, {"model": "auth.permission", "fields": {"name": "Can add log entry", "content_type": ["admin", "logentry"], "codename": "add_logentry"}}, {"model": "auth.permission", "fields": {"name": "Can change log entry", "content_type": ["admin", "logentry"], "codename": "change_logentry"}}, {"model": "auth.permission", "fields": {"name": "Can delete log entry", "content_type": ["admin", "logentry"], "codename": "delete_logentry"}}, {"model": "auth.permission", "fields": {"name": "Can view log entry", "content_type": ["admin", "logentry"], "codename": "view_logentry"}}, {"model": "auth.permission", "fields": {"name": "Can add permission", "content_type": ["auth", "permission"], "codename": "add_permission"}}, {"model": "auth.permission", "fields": {"name": "Can change permission", "content_type": ["auth", "permission"], "codename": "change_permission"}}, {"model": "auth.permission", "fields": {"name": "Can delete permission", "content_type": ["auth", "permission"], "codename": "delete_permission"}}, {"model": "auth.permission", "fields": {"name": "Can view permission", "content_type": ["auth", "permission"], "codename": "view_permission"}}, {"model": "auth.permission", "fields": {"name": "Can add group", "content_type": ["auth", "group"], "codename": "add_group"}}, {"model": "auth.permission", "fields": {"name": "Can change group", "content_type": ["auth", "group"], "codename": "change_group"}}, {"model": "auth.permission", "fields": {"name": "Can delete group", "content_type": ["auth", "group"], "codename": "delete_group"}}, {"model": "auth.permission", "fields": {"name": "Can view group", "content_type": ["auth", "group"], "codename": "view_group"}}, {"model": "auth.permission", "fields": {"name": "Can add content type", "content_type": ["contenttypes", "contenttype"], "codename": "add_contenttype"}}, {"model": "auth.permission", "fields": {"name": "Can change content type", "content_type": ["contenttypes", "contenttype"], "codename": "change_contenttype"}}, {"model": "auth.permission", "fields": {"name": "Can delete content type", "content_type": ["contenttypes", "contenttype"], "codename": "delete_contenttype"}}, {"model": "auth.permission", "fields": {"name": "Can view content type", "content_type": ["contenttypes", "contenttype"], "codename": "view_contenttype"}}, {"model": "auth.permission", "fields": {"name": "Can add session", "content_type": ["sessions", "session"], "codename": "add_session"}}, {"model": "auth.permission", "fields": {"name": "Can change session", "content_type": ["sessions", "session"], "codename": "change_session"}}, {"model": "auth.permission", "fields": {"name": "Can delete session", "content_type": ["sessions", "session"], "codename": "delete_session"}}, {"model": "auth.permission", "fields": {"name": "Can view session", "content_type": ["sessions", "session"], "codename": "view_session"}}, {"model": "auth.permission", "fields": {"name": "Can add User", "content_type": ["userauths", "user"], "codename": "add_user"}}, {"model": "auth.permission", "fields": {"name": "Can change User", "content_type": ["userauths", "user"], "codename": "change_user"}}, {"model": "auth.permission", "fields": {"name": "Can delete User", "content_type": ["userauths", "user"], "codename": "delete_user"}}, {"model": "auth.permission", "fields": {"name": "Can view User", "content_type": ["userauths", "user"], "codename": "view_user"}}, {"model": "auth.permission", "fields": {"name": "Can add blog", "content_type": ["ecommerce", "blog"], "codename": "add_blog"}}, {"model": "auth.permission", "fields": {"name": "Can change blog", "content_type": ["ecommerce", "blog"], "codename": "change_blog"}}, {"model": "auth.permission", "fields": {"name": "Can delete blog", "content_type": ["ecommerce", "blog"], "codename": "delete_blog"}}, {"model": "auth.permission", "fields": {"name": "Can view blog", "content_type": ["ecommerce", "blog"], "codename": "view_blog"}}, {"model": "auth.permission", "fields": {"name": "Can add category", "content_type": ["ecommerce", "category"], "codename": "add_category"}}, {"model": "auth.permission", "fields": {"name": "Can change category", "content_type": ["ecommerce", "category"], "codename": "change_category"}}, {"model": "auth.permission", "fields": {"name": "Can delete category", "content_type": ["ecommerce", "category"], "codename": "delete_category"}}, {"model": "auth.permission", "fields": {"name": "Can view category", "content_type": ["ecommerce", "category"], "codename": "view_category"}}, {"model": "auth.permission", "fields": {"name": "Can add color", "content_type": ["ecommerce", "color"], "codename": "add_color"}}, {"model": "auth.permission", "fields": {"name": "Can change color", "content_type": ["ecommerce", "color"], "codename": "change_color"}}, {"model": "auth.permission", "fields": {"name": "Can delete color", "content_type": ["ecommerce", "color"], "codename": "delete_color"}}, {"model": "auth.permission", "fields": {"name": "Can view color", "content_type": ["ecommerce", "color"], "codename": "view_color"}}, {"model": "auth.permission", "fields": {"name": "Can add size", "content_type": ["ecommerce", "size"], "codename": "add_size"}}, {"model": "auth.permission", "fields": {"name": "Can change size", "content_type": ["ecommerce", "size"], "codename": "change_size"}}, {"model": "auth.permission", "fields": {"name": "Can delete size", "content_type": ["ecommerce", "size"], "codename": "delete_size"}}, {"model": "auth.permission", "fields": {"name": "Can view size", "content_type": ["ecommerce", "size"], "codename": "view_size"}}, {"model": "auth.permission", "fields": {"name": "Can add tag", "content_type": ["ecommerce", "tag"], "codename": "add_tag"}}, {"model": "auth.permission", "fields": {"name": "Can change tag", "content_type": ["ecommerce", "tag"], "codename": "change_tag"}}, {"model": "auth.permission", "fields": {"name": "Can delete tag", "content_type": ["ecommerce", "tag"], "codename": "delete_tag"}}, {"model": "auth.permission", "fields": {"name": "Can view tag", "content_type": ["ecommerce", "tag"], "codename": "view_tag"}}, {"model": "auth.permission", "fields": {"name": "Can add team member", "content_type": ["ecommerce", "teammember"], "codename": "add_teammember"}}, {"model": "auth.permission", "fields": {"name": "Can change team member", "content_type": ["ecommerce", "teammember"], "codename": "change_teammember"}}, {"model": "auth.permission", "fields": {"name": "Can delete team member", "content_type": ["ecommerce", "teammember"], "codename": "delete_teammember"}}, {"model": "auth.permission", "fields": {"name": "Can view team member", "content_type": ["ecommerce", "teammember"], "codename": "view_teammember"}}, {"model": "auth.permission", "fields": {"name": "Can add product", "content_type": ["ecommerce", "product"], "codename": "add_product"}}, {"model": "auth.permission", "fields": {"name": "Can change product", "content_type": ["ecommerce", "product"], "codename": "change_product"}}, {"model": "auth.permission", "fields": {"name": "Can delete product", "content_type": ["ecommerce", "product"], "codename": "delete_product"}}, {"model": "auth.permission", "fields": {"name": "Can view product", "content_type": ["ecommerce", "product"], "codename": "view_product"}}, {"model": "auth.permission", "fields": {"name": "Can add wishlist", "content_type": ["ecommerce", "wishlist"], "codename": "add_wishlist"}}, {"model": "auth.permission", "fields": {"name": "Can change wishlist", "content_type": ["ecommerce", "wishlist"], "codename": "change_wishlist"}}, {"model": "auth.permission", "fields": {"name": "Can delete wishlist", "content_type": ["ecommerce", "wishlist"], "codename": "delete_wishlist"}}, {"model": "auth.permission", "fields": {"name": "Can view wishlist", "content_type": ["ecommerce", "wishlist"], "codename": "view_wishlist"}}, {"model": "auth.permission", "fields": {"name": "Can add cart", "content_type": ["cart", "cart"], "codename": "add_cart"}}, {"model": "auth.permission", "fields": {"name": "Can change cart", "content_type": ["cart", "cart"], "codename": "change_cart"}}, {"model": "auth.permission", "fields": {"name": "Can delete cart", "content_type": ["cart", "cart"], "codename": "delete_cart"}}, {"model": "auth.permission", "fields": {"name": "Can view cart", "content_type": ["cart", "cart"], "codename": "view_cart"}}, {"model": "auth.permission", "fields": {"name": "Can add cart item", "content_type": ["cart", "cartitem"], "codename": "add_cartitem"}}, {"model": "auth.permission", "fields": {"name": "Can change cart item", "content_type": ["cart", "cartitem"], "codename": "change_cartitem"}}, {"model": "auth.permission", "fields": {"name": "Can delete cart item", "content_type": ["cart", "cartitem"], "codename": "delete_cartitem"}}, {"model": "auth.permission", "fields": {"name": "Can view cart item", "content_type": ["cart", "cartitem"], "codename": "view_cartitem"}}, {"model": "auth.permission", "fields": {"name": "Can add order", "content_type": ["orders", "order"], "codename": "add_order"}}, {"model": "auth.permission", "fields": {"name": "Can change order", "content_type": ["orders", "order"], "codename": "change_order"}}, {"model": "auth.permission", "fields": {"name": "Can delete order", "content_type": ["orders", "order"], "codename": "delete_order"}}, {"model": "auth.permission", "fields": {"name": "Can view order", "content_type": ["orders", "order"], "codename": "view_order"}}, {"model": "auth.permission", "fields": {"name": "Can add order item", "content_type": ["orders", "orderitem"], "codename": "add_orderitem"}}, {"model": "auth.permission", "fields": {"name": "Can change order item", "content_type": ["orders", "orderitem"], "codename": "change_orderitem"}}, {"model": "auth.permission", "fields": {"name": "Can delete order item", "content_type": ["orders", "orderitem"], "codename": "delete_orderitem"}}, {"model": "auth.permission", "fields": {"name": "Can view order item", "content_type": ["orders", "orderitem"], "codename": "view_orderitem"}}, {"model": "auth.permission", "fields": {"name": "Can add review", "content_type": ["ecommerce", "review"], "codename": "add_review"}}, {"model": "auth.permission", "fields": {"name": "Can change review", "content_type": ["ecommerce", "review"], "codename": "change_review"}}, {"model": "auth.permission", "fields": {"name": "Can delete review", "content_type": ["ecommerce", "review"], "codename": "delete_review"}}, {"model": "auth.permission", "fields": {"name": "Can view review", "content_type": ["ecommerce", "review"], "codename": "view_review"}}, {"model": "auth.group", "fields": {"name": "customers", "permissions": []}}, {"model": "userauths.user", "fields": {"password": "pbkdf2_sha256$720000$I8c0PsyLyb2IXO4w7km6jZ$83hLOztvPoKkmyaBaDgSpxE+4Wv0xQCR17rSSktxTUA=", "email": "psalmdaramola@gmail.com", "fullname": "", "user_status": "customers", "password1": null, "password2": null, "is_active": true, "is_superuser": true, "is_staff": true, "date_joined": "2025-02-14T15:32:53.272Z", "last_login": "2025-02-17T11:16:44.286Z", "groups": [["customers"]], "user_permissions": []}}, {"model": "userauths.user", "fields": {"password": "pbkdf2_sha256$720000$hcjS3TKO32ocyTNPEZq2LV$9rMyMH4sweW5f/WgjxI4QnOo4aRgpimP60yUYu9HgF8=", "email": "haleemcoco14@gmail.com", "fullname": "", "user_status": "customers", "password1": null, "password2": null, "is_active": true, "is_superuser": true, "is_staff": true, "date_joined": "2025-02-15T21:59:09.323Z", "last_login": "2025-02-15T23:01:50.751Z", "groups": [["customers"]], "user_permissions": []}}, {"model": "userauths.user", "fields": {"password": "pbkdf2_sha256$720000$zxIptTc2zmzPkt3QJ7i0pb$CkPtAHzVi3V6LeF3gxnQtWIm4wVYu60Ncvo77SqWK4c=", "email": "haleemcoco104@gmail.com", "fullname": "Haleem Akintayo", "user_status": "customers", "password1": "Fugitive911!", "password2": "Fugitive911!", "is_active": true, "is_superuser": false, "is_staff": false, "date_joined": "2025-02-16T23:41:22.476Z", "last_login": "2025-02-16T23:41:27.720Z", "groups": [["customers"]], "user_permissions": []}}, {"model": "ecommerce.wishlist", "pk": 1, "fields": {"user": ["psalmdaramola@gmail.com"], "created_at": "2025-02-14T15:35:57.673Z", "updated_at": "2025-02-14T15:35:57.673Z", "products": []}}, {"model": "ecommerce.wishlist", "pk": 2, "fields": {"user": ["haleemcoco14@gmail.com"], "created_at": "2025-02-15T22:01:54.740Z", "updated_at": "2025-02-15T22:01:54.740Z", "products": [3]}}, {"model": "ecommerce.review", "pk": 1, "fields": {"product": 1, "user": ["haleemcoco14@gmail.com"], "rating": 5, "comment": "Nice product", "created_at": "2025-02-15T22:19:31.891Z"}}, {"model": "ecommerce.review", "pk": 2, "fields": {"product": 1, "user": ["haleemcoco14@gmail.com"], "rating": 5, "comment": "ggs", "created_at": "2025-02-15T22:48:37.039Z"}}, {"model": "ecommerce.review", "pk": 3, "fields": {"product": 1, "user": ["haleemcoco14@gmail.com"], "rating": 5, "comment": "okayy", "created_at": "2025-02-15T22:49:16.776Z"}}, {"model": "ecommerce.review", "pk": 4, "fields": {"product": 1, "user": ["haleemcoco14@gmail.com"], "rating": 5, "comment": "okayy", "created_at": "2025-02-15T22:49:25.381Z"}}, {"model": "ecommerce.review", "pk": 5, "fields": {"product": 3, "user": ["haleemcoco14@gmail.com"], "rating": 5, "comment": "nice", "created_at": "2025-02-16T23:40:22.528Z"}}, {"model": "ecommerce.review", "pk": 6, "fields": {"product": 2, "user": ["haleemcoco104@gmail.com"], "rating": 5, "comment": "nice product", "created_at": "2025-02-16T23:42:25.113Z"}}, {"model": "ecommerce.review", "pk": 7, "fields": {"product": 2, "user": ["psalmdaramola@gmail.com"], "rating": 3, "comment": "This is quite an amazing brand", "created_at": "2025-02-17T10:26:35.710Z"}}, {"model": "cart.cart", "pk": 1, "fields": {"user": null, "session_key": "r856h8v1llgd57tou9411kg0j7a4tg4u", "created_at": "2025-02-14T15:31:17.461Z", "updated_at": "2025-02-14T15:31:17.461Z"}}, {"model": "cart.cart", "pk": 2, "fields": {"user": ["psalmdaramola@gmail.com"], "session_key": null, "created_at": "2025-02-14T15:34:02.198Z", "updated_at": "2025-02-14T15:34:02.198Z"}}, {"model": "cart.cart", "pk": 3, "fields": {"user": null, "session_key": "8amp10p51nfw5mrgorng5qcjncyqa4rn", "created_at": "2025-02-14T15:36:36.009Z", "updated_at": "2025-02-14T15:36:36.009Z"}}, {"model": "cart.cart", "pk": 4, "fields": {"user": null, "session_key": "6hh10of17tztgzxv6s0vkj4zick1kh4u", "created_at": "2025-02-14T15:37:56.306Z", "updated_at": "2025-02-14T15:37:56.306Z"}}, {"model": "cart.cart", "pk": 5, "fields": {"user": null, "session_key": "51lijadfvnyp67ze5ttf8h55tugosg4q", "created_at": "2025-02-15T21:49:30.737Z", "updated_at": "2025-02-15T21:49:30.737Z"}}, {"model": "cart.cart", "pk": 6, "fields": {"user": ["haleemcoco14@gmail.com"], "session_key": null, "created_at": "2025-02-15T21:59:55.239Z", "updated_at": "2025-02-15T21:59:55.239Z"}}, {"model": "cart.cart", "pk": 7, "fields": {"user": null, "session_key": "182bg0dqh2txkq8hy7cqee97yag6euzl", "created_at": "2025-02-15T22:55:22.190Z", "updated_at": "2025-02-15T22:55:22.190Z"}}, {"model": "cart.cart", "pk": 8, "fields": {"user": null, "session_key": "1gorwfuczvxau8u6cq5j3m1apsmuceqp", "created_at": "2025-02-16T23:40:38.253Z", "updated_at": "2025-02-16T23:40:38.253Z"}}, {"model": "cart.cart", "pk": 9, "fields": {"user": ["haleemcoco104@gmail.com"], "session_key": null, "created_at": "2025-02-16T23:41:28.577Z", "updated_at": "2025-02-16T23:41:28.577Z"}}, {"model": "cart.cart", "pk": 10, "fields": {"user": null, "session_key": "4l5zsee49b7r07voyptyfwj245uya11w", "created_at": "2025-02-17T10:25:09.126Z", "updated_at": "2025-02-17T10:25:09.126Z"}}, {"model": "admin.logentry", "pk": 1, "fields": {"action_time": "2025-02-14T15:35:45.264Z", "user": ["psalmdaramola@gmail.com"], "content_type": ["ecommerce", "product"], "object_id": "1", "object_repr": "Product object (1)", "action_flag": 1, "change_message": "[{\"added\": {}}]"}}, {"model": "admin.logentry", "pk": 2, "fields": {"action_time": "2025-02-14T15:39:50.105Z", "user": ["psalmdaramola@gmail.com"], "content_type": ["ecommerce", "product"], "object_id": "2", "object_repr": "Product object (2)", "action_flag": 1, "change_message": "[{\"added\": {}}]"}}, {"model": "admin.logentry", "pk": 3, "fields": {"action_time": "2025-02-14T15:41:08.397Z", "user": ["psalmdaramola@gmail.com"], "content_type": ["ecommerce", "product"], "object_id": "3", "object_repr": "Product object (3)", "action_flag": 1, "change_message": "[{\"added\": {}}]"}}, {"model": "admin.logentry", "pk": 4, "fields": {"action_time": "2025-02-14T15:41:59.457Z", "user": ["psalmdaramola@gmail.com"], "content_type": ["ecommerce", "product"], "object_id": "3", "object_repr": "Product object (3)", "action_flag": 2, "change_message": "[{\"changed\": {\"fields\": [\"Name\", \"Price\", \"Old price\", \"Image\"]}}]"}}, {"model": "admin.logentry", "pk": 5, "fields": {"action_time": "2025-02-14T15:43:14.477Z", "user": ["psalmdaramola@gmail.com"], "content_type": ["ecommerce", "product"], "object_id": "4", "object_repr": "Product object (4)", "action_flag": 1, "change_message": "[{\"added\": {}}]"}}, {"model": "admin.logentry", "pk": 6, "fields": {"action_time": "2025-02-14T15:44:23.509Z", "user": ["psalmdaramola@gmail.com"], "content_type": ["ecommerce", "product"], "object_id": "4", "object_repr": "Product object (4)", "action_flag": 2, "change_message": "[{\"changed\": {\"fields\": [\"Name\", \"Slug\", \"Image\"]}}]"}}, {"model": "admin.logentry", "pk": 7, "fields": {"action_time": "2025-02-14T15:45:45.495Z", "user": ["psalmdaramola@gmail.com"], "content_type": ["ecommerce", "blog"], "object_id": "1", "object_repr": "White Round-neck", "action_flag": 1, "change_message": "[{\"added\": {}}]"}}, {"model": "admin.logentry", "pk": 8, "fields": {"action_time": "2025-02-14T15:46:54.544Z", "user": ["psalmdaramola@gmail.com"], "content_type": ["ecommerce", "blog"], "object_id": "2", "object_repr": "Cap", "action_flag": 1, "change_message": "[{\"added\": {}}]"}}, {"model": "admin.logentry", "pk": 9, "fields": {"action_time": "2025-02-14T15:47:51.187Z", "user": ["psalmdaramola@gmail.com"], "content_type": ["ecommerce", "blog"], "object_id": "3", "object_repr": "Glasses", "action_flag": 1, "change_message": "[{\"added\": {}}]"}}, {"model": "admin.logentry", "pk": 10, "fields": {"action_time": "2025-02-14T15:49:36.099Z", "user": ["psalmdaramola@gmail.com"], "content_type": ["ecommerce", "blog"], "object_id": "4", "object_repr": "Socks", "action_flag": 1, "change_message": "[{\"added\": {}}]"}}, {"model": "admin.logentry", "pk": 11, "fields": {"action_time": "2025-02-14T15:51:15.649Z", "user": ["psalmdaramola@gmail.com"], "content_type": ["ecommerce", "teammember"], "object_id": "1", "object_repr": "Lumie", "action_flag": 1, "change_message": "[{\"added\": {}}]"}}, {"model": "admin.logentry", "pk": 12, "fields": {"action_time": "2025-02-14T15:51:34.942Z", "user": ["psalmdaramola@gmail.com"], "content_type": ["ecommerce", "teammember"], "object_id": "1", "object_repr": "Lumie", "action_flag": 2, "change_message": "[{\"changed\": {\"fields\": [\"Bio\"]}}]"}}, {"model": "admin.logentry", "pk": 13, "fields": {"action_time": "2025-02-14T15:53:00.094Z", "user": ["psalmdaramola@gmail.com"], "content_type": ["ecommerce", "teammember"], "object_id": "2", "object_repr": "Fisayo", "action_flag": 1, "change_message": "[{\"added\": {}}]"}}, {"model": "admin.logentry", "pk": 14, "fields": {"action_time": "2025-02-14T15:54:13.295Z", "user": ["psalmdaramola@gmail.com"], "content_type": ["ecommerce", "teammember"], "object_id": "3", "object_repr": "Dami", "action_flag": 1, "change_message": "[{\"added\": {}}]"}}, {"model": "admin.logentry", "pk": 15, "fields": {"action_time": "2025-02-14T15:54:25.479Z", "user": ["psalmdaramola@gmail.com"], "content_type": ["ecommerce", "teammember"], "object_id": "2", "object_repr": "Fisayo", "action_flag": 2, "change_message": "[{\"changed\": {\"fields\": [\"Role\"]}}]"}}, {"model": "admin.logentry", "pk": 16, "fields": {"action_time": "2025-02-16T14:59:50.268Z", "user": ["haleemcoco14@gmail.com"], "content_type": ["ecommerce", "color"], "object_id": "1", "object_repr": "White", "action_flag": 1, "change_message": "[{\"added\": {}}]"}}, {"model": "admin.logentry", "pk": 17, "fields": {"action_time": "2025-02-16T15:00:12.647Z", "user": ["haleemcoco14@gmail.com"], "content_type": ["ecommerce", "color"], "object_id": "2", "object_repr": "Black", "action_flag": 1, "change_message": "[{\"added\": {}}]"}}, {"model": "admin.logentry", "pk": 18, "fields": {"action_time": "2025-02-16T15:01:24.207Z", "user": ["haleemcoco14@gmail.com"], "content_type": ["ecommerce", "color"], "object_id": "3", "object_repr": "Gray", "action_flag": 1, "change_message": "[{\"added\": {}}]"}}, {"model": "admin.logentry", "pk": 19, "fields": {"action_time": "2025-02-16T15:01:47.328Z", "user": ["haleemcoco14@gmail.com"], "content_type": ["ecommerce", "color"], "object_id": "4", "object_repr": "Dark Brown", "action_flag": 1, "change_message": "[{\"added\": {}}]"}}, {"model": "admin.logentry", "pk": 20, "fields": {"action_time": "2025-02-16T15:02:28.944Z", "user": ["haleemcoco14@gmail.com"], "content_type": ["ecommerce", "color"], "object_id": "5", "object_repr": "Light Brown", "action_flag": 1, "change_message": "[{\"added\": {}}]"}}, {"model": "admin.logentry", "pk": 21, "fields": {"action_time": "2025-02-16T15:03:01.497Z", "user": ["haleemcoco14@gmail.com"], "content_type": ["ecommerce", "color"], "object_id": "6", "object_repr": "Green", "action_flag": 1, "change_message": "[{\"added\": {}}]"}}, {"model": "admin.logentry", "pk": 22, "fields": {"action_time": "2025-02-16T15:05:54.249Z", "user": ["haleemcoco14@gmail.com"], "content_type": ["ecommerce", "color"], "object_id": "7", "object_repr": "Blue", "action_flag": 1, "change_message": "[{\"added\": {}}]"}}, {"model": "admin.logentry", "pk": 23, "fields": {"action_time": "2025-02-16T15:08:43.566Z", "user": ["haleemcoco14@gmail.com"], "content_type": ["ecommerce", "color"], "object_id": "8", "object_repr": "Red", "action_flag": 1, "change_message": "[{\"added\": {}}]"}}, {"model": "admin.logentry", "pk": 24, "fields": {"action_time": "2025-02-16T15:49:09.811Z", "user": ["haleemcoco14@gmail.com"], "content_type": ["ecommerce", "color"], "object_id": "9", "object_repr": "Off-White/Cream", "action_flag": 1, "change_message": "[{\"added\": {}}]"}}, {"model": "admin.logentry", "pk": 25, "fields": {"action_time": "2025-02-16T15:58:40.543Z", "user": ["haleemcoco14@gmail.com"], "content_type": ["ecommerce", "color"], "object_id": "10", "object_repr": "Khaki", "action_flag": 1, "change_message": "[{\"added\": {}}]"}}, {"model": "admin.logentry", "pk": 26, "fields": {"action_time": "2025-02-16T15:59:02.194Z", "user": ["haleemcoco14@gmail.com"], "content_type": ["ecommerce", "color"], "object_id": "11", "object_repr": "Sapphire Blue", "action_flag": 1, "change_message": "[{\"added\": {}}]"}}, {"model": "admin.logentry", "pk": 27, "fields": {"action_time": "2025-02-16T15:59:23.031Z", "user": ["haleemcoco14@gmail.com"], "content_type": ["ecommerce", "color"], "object_id": "12", "object_repr": "Amethyst Purple", "action_flag": 1, "change_message": "[{\"added\": {}}]"}}, {"model": "admin.logentry", "pk": 28, "fields": {"action_time": "2025-02-16T15:59:44.064Z", "user": ["haleemcoco14@gmail.com"], "content_type": ["ecommerce", "color"], "object_id": "13", "object_repr": "Lilac", "action_flag": 1, "change_message": "[{\"added\": {}}]"}}, {"model": "admin.logentry", "pk": 29, "fields": {"action_time": "2025-02-16T16:23:48.851Z", "user": ["haleemcoco14@gmail.com"], "content_type": ["ecommerce", "category"], "object_id": "1", "object_repr": "Tops", "action_flag": 1, "change_message": "[{\"added\": {}}]"}}]